-- --------------------------------------------------------
-- Hôte:                         127.0.0.1
-- Version du serveur:           10.11.2-MariaDB - mariadb.org binary distribution
-- SE du serveur:                Win64
-- HeidiSQL Version:             11.3.0.6295
-- --------------------------------------------------------

/*!40101 SET @OLD_CHARACTER_SET_CLIENT=@@CHARACTER_SET_CLIENT */;
/*!40101 SET NAMES utf8 */;
/*!50503 SET NAMES utf8mb4 */;
/*!40014 SET @OLD_FOREIGN_KEY_CHECKS=@@FOREIGN_KEY_CHECKS, FOREIGN_KEY_CHECKS=0 */;
/*!40101 SET @OLD_SQL_MODE=@@SQL_MODE, SQL_MODE='NO_AUTO_VALUE_ON_ZERO' */;
/*!40111 SET @OLD_SQL_NOTES=@@SQL_NOTES, SQL_NOTES=0 */;


-- Listage de la structure de la base pour esirem_galactique
CREATE DATABASE IF NOT EXISTS `esirem_galactique` /*!40100 DEFAULT CHARACTER SET latin1 COLLATE latin1_swedish_ci */;
USE `esirem_galactique`;

-- Listage de la structure de la table esirem_galactique. chantierspatial
CREATE TABLE IF NOT EXISTS `chantierspatial` (
  `id` int(11) NOT NULL AUTO_INCREMENT,
  `nom` varchar(50) NOT NULL,
  `coutMetal` int(11) NOT NULL,
  `coutDeuterium` int(11) NOT NULL,
  `tempsConstruction` int(11) NOT NULL,
  `pointAttaque` int(11) DEFAULT 0,
  `pointDefense` int(11) DEFAULT 0,
  PRIMARY KEY (`id`)
) ENGINE=InnoDB DEFAULT CHARSET=latin1 COLLATE=latin1_swedish_ci;

-- Listage des données de la table esirem_galactique.chantierspatial : ~4 rows (environ)
/*!40000 ALTER TABLE `chantierspatial` DISABLE KEYS */;
INSERT IGNORE INTO `chantierspatial` (`id`, `nom`, `coutMetal`, `coutDeuterium`, `tempsConstruction`, `pointAttaque`, `pointDefense`) VALUES
	(1, 'chasseur', 3000, 500, 20, 75, 50),
	(2, 'croiseur', 20000, 5000, 120, 400, 150),
	(3, 'transporteur', 6000, 1500, 55, 0, 50),
	(4, 'vaisseau_de_colonisation', 10000, 10000, 120, 0, 50);
/*!40000 ALTER TABLE `chantierspatial` ENABLE KEYS */;

-- Listage de la structure de la table esirem_galactique. defense
CREATE TABLE IF NOT EXISTS `defense` (
  `id` int(11) NOT NULL AUTO_INCREMENT,
  `idRecherche` int(11) DEFAULT NULL,
  `niveauRecherche` int(11) DEFAULT NULL,
  `nom` varchar(50) NOT NULL DEFAULT '',
  `metal` int(11) NOT NULL DEFAULT 0,
  `energie` int(11) NOT NULL DEFAULT 0,
  `deuterium` int(11) NOT NULL DEFAULT 0,
  `tempsConstruction` int(11) NOT NULL,
  `pointAttaque` int(11) NOT NULL DEFAULT 0,
  `pointDéfense` int(11) NOT NULL,
  PRIMARY KEY (`id`),
  KEY `FK_defense_recherche` (`idRecherche`),
  CONSTRAINT `FK_defense_recherche` FOREIGN KEY (`idRecherche`) REFERENCES `technologie` (`id`) ON DELETE NO ACTION ON UPDATE NO ACTION
) ENGINE=InnoDB DEFAULT CHARSET=latin1 COLLATE=latin1_swedish_ci;

-- Listage des données de la table esirem_galactique.defense : ~3 rows (environ)
/*!40000 ALTER TABLE `defense` DISABLE KEYS */;
INSERT IGNORE INTO `defense` (`id`, `idRecherche`, `niveauRecherche`, `nom`, `metal`, `energie`, `deuterium`, `tempsConstruction`, `pointAttaque`, `pointDéfense`) VALUES
	(1, 3, 1, 'artillerie_laser', 1500, 0, 300, 10, 100, 25),
	(2, 4, 1, 'canon_ions', 5000, 0, 1000, 40, 250, 200),
	(3, 5, 1, 'bouclier', 10000, 1000, 5000, 60, 0, 2000);
/*!40000 ALTER TABLE `defense` ENABLE KEYS */;

-- Listage de la structure de la table esirem_galactique. flotte
CREATE TABLE IF NOT EXISTS `flotte` (
  `id` int(11) NOT NULL AUTO_INCREMENT,
  `idPlanete` int(11) NOT NULL,
  `idUtilisateur` int(11) NOT NULL,
  `idChantierSpatial` int(11) NOT NULL,
  `quantite` int(11) DEFAULT 0,
  `dateFin` datetime DEFAULT NULL,
  PRIMARY KEY (`id`),
  KEY `FK_flotte_planete` (`idPlanete`),
  KEY `FK_flotte_utilisateur` (`idUtilisateur`),
  KEY `FK_flotte_chantierspatial` (`idChantierSpatial`),
  CONSTRAINT `FK_flotte_chantierspatial` FOREIGN KEY (`idChantierSpatial`) REFERENCES `chantierspatial` (`id`) ON DELETE NO ACTION ON UPDATE NO ACTION,
  CONSTRAINT `FK_flotte_planete` FOREIGN KEY (`idPlanete`) REFERENCES `planete` (`id`) ON DELETE NO ACTION ON UPDATE NO ACTION,
  CONSTRAINT `FK_flotte_utilisateur` FOREIGN KEY (`idUtilisateur`) REFERENCES `utilisateurs` (`id`) ON DELETE NO ACTION ON UPDATE NO ACTION
) ENGINE=InnoDB DEFAULT CHARSET=latin1 COLLATE=latin1_swedish_ci;

-- Listage des données de la table esirem_galactique.flotte : ~8 rows (environ)
/*!40000 ALTER TABLE `flotte` DISABLE KEYS */;
INSERT IGNORE INTO `flotte` (`id`, `idPlanete`, `idUtilisateur`, `idChantierSpatial`, `quantite`, `dateFin`) VALUES
	(1, 101, 1, 1, 0, NULL),
	(2, 101, 1, 2, 0, NULL),
	(3, 101, 1, 3, 0, NULL),
	(4, 101, 1, 4, 0, NULL),
	(5, 525, 1, 1, 4, NULL),
	(6, 525, 1, 2, 0, NULL),
	(7, 525, 1, 3, 1, NULL),
	(8, 525, 1, 4, 0, NULL);
/*!40000 ALTER TABLE `flotte` ENABLE KEYS */;

-- Listage de la structure de la table esirem_galactique. galaxie
CREATE TABLE IF NOT EXISTS `galaxie` (
  `id` int(11) NOT NULL AUTO_INCREMENT,
  `idUnivers` int(11) NOT NULL,
  `nom` varchar(50) NOT NULL,
  PRIMARY KEY (`id`),
  KEY `FK_galaxie_univers` (`idUnivers`),
  CONSTRAINT `FK_galaxie_univers` FOREIGN KEY (`idUnivers`) REFERENCES `univers` (`id`) ON DELETE NO ACTION ON UPDATE NO ACTION
) ENGINE=InnoDB DEFAULT CHARSET=latin1 COLLATE=latin1_swedish_ci;

-- Listage des données de la table esirem_galactique.galaxie : ~10 rows (environ)
/*!40000 ALTER TABLE `galaxie` DISABLE KEYS */;
INSERT IGNORE INTO `galaxie` (`id`, `idUnivers`, `nom`) VALUES
	(1, 1, 'Galaxie 1'),
	(2, 1, 'Galaxie 2'),
	(3, 1, 'Galaxie 3'),
	(4, 1, 'Galaxie 4'),
	(5, 1, 'Galaxie 5'),
	(6, 2, 'Galaxie 1'),
	(7, 2, 'Galaxie 2'),
	(8, 2, 'Galaxie 3'),
	(9, 2, 'Galaxie 4'),
	(10, 2, 'Galaxie 5');
/*!40000 ALTER TABLE `galaxie` ENABLE KEYS */;

-- Listage de la structure de la table esirem_galactique. infrastructure
CREATE TABLE IF NOT EXISTS `infrastructure` (
  `id` int(11) NOT NULL AUTO_INCREMENT,
  `idPlanete` int(11) NOT NULL,
  `idInstallations` int(11) DEFAULT NULL,
  `idMinier` int(11) DEFAULT NULL,
  `idDefense` int(11) DEFAULT NULL,
  `niveau` int(11) NOT NULL DEFAULT 0,
  `dateFin` datetime DEFAULT NULL,
  PRIMARY KEY (`id`),
  KEY `FK_infractructure_planete` (`idPlanete`),
  KEY `FK_infractructure_installations` (`idInstallations`),
  KEY `FK_infractructure_minier` (`idMinier`),
  KEY `FK_infractructure_defense` (`idDefense`),
  CONSTRAINT `FK_infractructure_defense` FOREIGN KEY (`idDefense`) REFERENCES `defense` (`id`) ON DELETE NO ACTION ON UPDATE NO ACTION,
  CONSTRAINT `FK_infractructure_installations` FOREIGN KEY (`idInstallations`) REFERENCES `installations` (`id`) ON DELETE NO ACTION ON UPDATE NO ACTION,
  CONSTRAINT `FK_infractructure_minier` FOREIGN KEY (`idMinier`) REFERENCES `minier` (`id`) ON DELETE NO ACTION ON UPDATE NO ACTION,
  CONSTRAINT `FK_infractructure_planete` FOREIGN KEY (`idPlanete`) REFERENCES `planete` (`id`) ON DELETE NO ACTION ON UPDATE NO ACTION
) ENGINE=InnoDB DEFAULT CHARSET=latin1 COLLATE=latin1_swedish_ci;

-- Listage des données de la table esirem_galactique.infrastructure : ~20 rows (environ)
/*!40000 ALTER TABLE `infrastructure` DISABLE KEYS */;
INSERT IGNORE INTO `infrastructure` (`id`, `idPlanete`, `idInstallations`, `idMinier`, `idDefense`, `niveau`, `dateFin`) VALUES
	(1, 101, 1, NULL, NULL, 0, NULL),
	(2, 101, 2, NULL, NULL, 0, NULL),
	(3, 101, 3, NULL, NULL, 0, NULL),
	(4, 101, NULL, 1, NULL, 2, NULL),
	(5, 101, NULL, 2, NULL, 1, NULL),
	(6, 101, NULL, 3, NULL, 0, NULL),
	(7, 101, NULL, 4, NULL, 0, NULL),
	(8, 101, NULL, NULL, 1, 0, NULL),
	(9, 101, NULL, NULL, 2, 0, NULL),
	(10, 101, NULL, NULL, 3, 0, NULL),
	(11, 525, 1, NULL, NULL, 1, NULL),
	(12, 525, 2, NULL, NULL, 1, NULL),
	(13, 525, 3, NULL, NULL, 0, NULL),
	(14, 525, NULL, 1, NULL, 10, NULL),
	(15, 525, NULL, 2, NULL, 7, NULL),
	(16, 525, NULL, 3, NULL, 12, '2023-06-03 17:45:04'),
	(17, 525, NULL, 4, NULL, 5, NULL),
	(18, 525, NULL, NULL, 1, 3, NULL),
	(19, 525, NULL, NULL, 2, 0, NULL),
	(20, 525, NULL, NULL, 3, 0, NULL);
/*!40000 ALTER TABLE `infrastructure` ENABLE KEYS */;

-- Listage de la structure de la table esirem_galactique. installations
CREATE TABLE IF NOT EXISTS `installations` (
  `id` int(11) NOT NULL AUTO_INCREMENT,
  `idRecherche` int(11) DEFAULT NULL,
  `niveauRecherche` int(11) DEFAULT NULL,
  `nom` varchar(50) DEFAULT NULL,
  `metal` int(11) DEFAULT NULL,
  `energie` int(11) DEFAULT NULL,
  `tempsConstruction` int(11) DEFAULT NULL,
  PRIMARY KEY (`id`),
  KEY `FK_installation_recherche` (`idRecherche`),
  CONSTRAINT `FK_installation_recherche` FOREIGN KEY (`idRecherche`) REFERENCES `technologie` (`id`) ON DELETE NO ACTION ON UPDATE NO ACTION
) ENGINE=InnoDB DEFAULT CHARSET=latin1 COLLATE=latin1_swedish_ci;

-- Listage des données de la table esirem_galactique.installations : ~3 rows (environ)
/*!40000 ALTER TABLE `installations` DISABLE KEYS */;
INSERT IGNORE INTO `installations` (`id`, `idRecherche`, `niveauRecherche`, `nom`, `metal`, `energie`, `tempsConstruction`) VALUES
	(1, NULL, NULL, 'laboratoire_recheche', 1000, 500, 50),
	(2, NULL, NULL, 'chantier_spatial', 500, 500, 50),
	(3, 2, 5, 'usine_nanite', 10000, 5000, 600);
/*!40000 ALTER TABLE `installations` ENABLE KEYS */;

-- Listage de la structure de la table esirem_galactique. minier
CREATE TABLE IF NOT EXISTS `minier` (
  `id` int(11) NOT NULL AUTO_INCREMENT,
  `idRecherche` int(11) DEFAULT NULL,
  `niveauRecherche` int(11) DEFAULT NULL,
  `nom` varchar(50) NOT NULL,
  `metal` int(11) NOT NULL DEFAULT 0,
  `energie` int(11) NOT NULL DEFAULT 0,
  `deuterium` int(11) NOT NULL DEFAULT 0,
  `tempsConstruction` int(11) NOT NULL,
  `production` int(11) NOT NULL,
  PRIMARY KEY (`id`),
  KEY `FK_minier_recherche` (`idRecherche`),
  CONSTRAINT `FK_minier_recherche` FOREIGN KEY (`idRecherche`) REFERENCES `technologie` (`id`) ON DELETE NO ACTION ON UPDATE NO ACTION
) ENGINE=InnoDB DEFAULT CHARSET=latin1 COLLATE=latin1_swedish_ci;

-- Listage des données de la table esirem_galactique.minier : ~4 rows (environ)
/*!40000 ALTER TABLE `minier` DISABLE KEYS */;
INSERT IGNORE INTO `minier` (`id`, `idRecherche`, `niveauRecherche`, `nom`, `metal`, `energie`, `deuterium`, `tempsConstruction`, `production`) VALUES
	(1, NULL, NULL, 'mine_metal', 100, 10, 0, 10, 3),
	(2, NULL, NULL, 'synthe_deuterium', 200, 50, 0, 25, 1),
	(3, NULL, NULL, 'centrale_solaire', 150, 0, 20, 10, 20),
	(4, 1, 10, 'centrale_fusion', 5000, 0, 2000, 120, 50);
/*!40000 ALTER TABLE `minier` ENABLE KEYS */;

-- Listage de la structure de la table esirem_galactique. planete
CREATE TABLE IF NOT EXISTS `planete` (
  `id` int(11) NOT NULL AUTO_INCREMENT,
  `idPosition` int(11) NOT NULL,
  `idSystemSolaire` int(11) NOT NULL,
  `idUnivers` int(11) NOT NULL,
  `idUtilisateurs` int(11) DEFAULT NULL,
  `nom` varchar(50) NOT NULL,
  `NumImage` int(11) NOT NULL,
  PRIMARY KEY (`id`),
  KEY `FK_planete_position` (`idPosition`),
  KEY `FK_planete_systemeSolaire` (`idSystemSolaire`),
  KEY `FK_planete_univers` (`idUnivers`),
  KEY `FK_planete_utilisateurs` (`idUtilisateurs`),
  CONSTRAINT `FK_planete_position` FOREIGN KEY (`idPosition`) REFERENCES `position` (`id`) ON DELETE NO ACTION ON UPDATE NO ACTION,
  CONSTRAINT `FK_planete_systemSolaire` FOREIGN KEY (`idSystemSolaire`) REFERENCES `systemsolaire` (`id`) ON DELETE NO ACTION ON UPDATE NO ACTION,
  CONSTRAINT `FK_planete_univers` FOREIGN KEY (`idUnivers`) REFERENCES `univers` (`id`) ON DELETE NO ACTION ON UPDATE NO ACTION,
  CONSTRAINT `FK_planete_utilisateurs` FOREIGN KEY (`idUtilisateurs`) REFERENCES `utilisateurs` (`id`) ON DELETE NO ACTION ON UPDATE NO ACTION
) ENGINE=InnoDB DEFAULT CHARSET=latin1 COLLATE=latin1_swedish_ci;

-- Listage des données de la table esirem_galactique.planete : ~734 rows (environ)
/*!40000 ALTER TABLE `planete` DISABLE KEYS */;
INSERT IGNORE INTO `planete` (`id`, `idPosition`, `idSystemSolaire`, `idUnivers`, `idUtilisateurs`, `nom`, `NumImage`) VALUES
	(1, 3, 1, 1, NULL, 'Planète 1', 14),
	(2, 4, 1, 1, NULL, 'Planète 2', 4),
	(3, 5, 1, 1, NULL, 'Planète 3', 17),
	(4, 7, 1, 1, NULL, 'Planète 4', 21),
	(5, 8, 1, 1, NULL, 'Planète 5', 12),
	(6, 1, 2, 1, NULL, 'Planète 1', 13),
	(7, 2, 2, 1, NULL, 'Planète 2', 17),
	(8, 3, 2, 1, NULL, 'Planète 3', 12),
	(9, 4, 2, 1, NULL, 'Planète 4', 10),
	(10, 5, 2, 1, NULL, 'Planète 5', 22),
	(11, 6, 2, 1, NULL, 'Planète 6', 22),
	(12, 7, 2, 1, NULL, 'Planète 7', 14),
	(13, 8, 2, 1, NULL, 'Planète 8', 17),
	(14, 9, 2, 1, NULL, 'Planète 9', 21),
	(15, 3, 3, 1, NULL, 'Planète 1', 23),
	(16, 4, 3, 1, NULL, 'Planète 2', 17),
	(17, 5, 3, 1, NULL, 'Planète 3', 19),
	(18, 6, 3, 1, NULL, 'Planète 4', 21),
	(19, 7, 3, 1, NULL, 'Planète 5', 6),
	(20, 8, 3, 1, NULL, 'Planète 6', 19),
	(21, 9, 3, 1, NULL, 'Planète 7', 2),
	(22, 10, 3, 1, NULL, 'Planète 8', 19),
	(23, 1, 4, 1, NULL, 'Planète 1', 22),
	(24, 2, 4, 1, NULL, 'Planète 2', 14),
	(25, 4, 4, 1, NULL, 'Planète 3', 17),
	(26, 5, 4, 1, NULL, 'Planète 4', 11),
	(27, 7, 4, 1, NULL, 'Planète 5', 6),
	(28, 8, 4, 1, NULL, 'Planète 6', 6),
	(29, 9, 4, 1, NULL, 'Planète 7', 15),
	(30, 10, 4, 1, NULL, 'Planète 8', 18),
	(31, 1, 5, 1, NULL, 'Planète 1', 13),
	(32, 2, 5, 1, NULL, 'Planète 2', 23),
	(33, 3, 5, 1, NULL, 'Planète 3', 1),
	(34, 4, 5, 1, NULL, 'Planète 4', 4),
	(35, 5, 5, 1, NULL, 'Planète 5', 5),
	(36, 6, 5, 1, NULL, 'Planète 6', 16),
	(37, 7, 5, 1, NULL, 'Planète 7', 9),
	(38, 9, 5, 1, NULL, 'Planète 8', 18),
	(39, 10, 5, 1, NULL, 'Planète 9', 1),
	(40, 1, 6, 1, NULL, 'Planète 1', 3),
	(41, 2, 6, 1, NULL, 'Planète 2', 15),
	(42, 3, 6, 1, NULL, 'Planète 3', 18),
	(43, 4, 6, 1, NULL, 'Planète 4', 17),
	(44, 6, 6, 1, NULL, 'Planète 5', 4),
	(45, 8, 6, 1, NULL, 'Planète 6', 8),
	(46, 9, 6, 1, NULL, 'Planète 7', 21),
	(47, 10, 6, 1, NULL, 'Planète 8', 20),
	(48, 1, 7, 1, NULL, 'Planète 1', 6),
	(49, 4, 7, 1, NULL, 'Planète 2', 9),
	(50, 5, 7, 1, NULL, 'Planète 3', 6),
	(51, 6, 7, 1, NULL, 'Planète 4', 6),
	(52, 7, 7, 1, NULL, 'Planète 5', 2),
	(53, 8, 7, 1, NULL, 'Planète 6', 5),
	(54, 3, 8, 1, NULL, 'Planète 1', 2),
	(55, 6, 8, 1, NULL, 'Planète 2', 3),
	(56, 7, 8, 1, NULL, 'Planète 3', 11),
	(57, 8, 8, 1, NULL, 'Planète 4', 14),
	(58, 1, 9, 1, NULL, 'Planète 1', 22),
	(59, 2, 9, 1, NULL, 'Planète 2', 6),
	(60, 3, 9, 1, NULL, 'Planète 3', 9),
	(61, 4, 9, 1, NULL, 'Planète 4', 5),
	(62, 5, 9, 1, NULL, 'Planète 5', 17),
	(63, 6, 9, 1, NULL, 'Planète 6', 9),
	(64, 7, 9, 1, NULL, 'Planète 7', 12),
	(65, 8, 9, 1, NULL, 'Planète 8', 4),
	(66, 9, 9, 1, NULL, 'Planète 9', 23),
	(67, 10, 9, 1, NULL, 'Planète 10', 1),
	(68, 2, 10, 1, NULL, 'Planète 1', 13),
	(69, 5, 10, 1, NULL, 'Planète 2', 12),
	(70, 6, 10, 1, NULL, 'Planète 3', 14),
	(71, 9, 10, 1, NULL, 'Planète 4', 23),
	(72, 10, 10, 1, NULL, 'Planète 5', 13),
	(73, 1, 11, 1, NULL, 'Planète 1', 23),
	(74, 2, 11, 1, NULL, 'Planète 2', 5),
	(75, 3, 11, 1, NULL, 'Planète 3', 3),
	(76, 4, 11, 1, NULL, 'Planète 4', 4),
	(77, 5, 11, 1, NULL, 'Planète 5', 1),
	(78, 6, 11, 1, NULL, 'Planète 6', 19),
	(79, 7, 11, 1, NULL, 'Planète 7', 12),
	(80, 8, 11, 1, NULL, 'Planète 8', 3),
	(81, 9, 11, 1, NULL, 'Planète 9', 14),
	(82, 10, 11, 1, NULL, 'Planète 10', 15),
	(83, 2, 12, 1, NULL, 'Planète 1', 10),
	(84, 4, 12, 1, NULL, 'Planète 2', 2),
	(85, 5, 12, 1, NULL, 'Planète 3', 11),
	(86, 6, 12, 1, NULL, 'Planète 4', 9),
	(87, 8, 12, 1, NULL, 'Planète 5', 7),
	(88, 9, 12, 1, NULL, 'Planète 6', 3),
	(89, 10, 12, 1, NULL, 'Planète 7', 5),
	(90, 2, 13, 1, NULL, 'Planète 1', 23),
	(91, 3, 13, 1, NULL, 'Planète 2', 9),
	(92, 5, 13, 1, NULL, 'Planète 3', 17),
	(93, 7, 13, 1, NULL, 'Planète 4', 12),
	(94, 8, 13, 1, NULL, 'Planète 5', 13),
	(95, 9, 13, 1, NULL, 'Planète 6', 8),
	(96, 1, 14, 1, NULL, 'Planète 1', 6),
	(97, 2, 14, 1, NULL, 'Planète 2', 5),
	(98, 3, 14, 1, NULL, 'Planète 3', 23),
	(99, 5, 14, 1, NULL, 'Planète 4', 20),
	(100, 6, 14, 1, NULL, 'Planète 5', 4),
	(101, 8, 14, 1, 1, 'Planète 6', 10),
	(102, 10, 14, 1, NULL, 'Planète 7', 20),
	(103, 1, 15, 1, NULL, 'Planète 1', 23),
	(104, 2, 15, 1, NULL, 'Planète 2', 18),
	(105, 3, 15, 1, NULL, 'Planète 3', 4),
	(106, 4, 15, 1, NULL, 'Planète 4', 9),
	(107, 6, 15, 1, NULL, 'Planète 5', 21),
	(108, 7, 15, 1, NULL, 'Planète 6', 11),
	(109, 8, 15, 1, NULL, 'Planète 7', 17),
	(110, 9, 15, 1, NULL, 'Planète 8', 4),
	(111, 10, 15, 1, NULL, 'Planète 9', 23),
	(112, 1, 16, 1, NULL, 'Planète 1', 12),
	(113, 2, 16, 1, NULL, 'Planète 2', 19),
	(114, 3, 16, 1, NULL, 'Planète 3', 3),
	(115, 4, 16, 1, NULL, 'Planète 4', 9),
	(116, 5, 16, 1, NULL, 'Planète 5', 3),
	(117, 6, 16, 1, NULL, 'Planète 6', 20),
	(118, 7, 16, 1, NULL, 'Planète 7', 23),
	(119, 8, 16, 1, NULL, 'Planète 8', 11),
	(120, 9, 16, 1, NULL, 'Planète 9', 3),
	(121, 10, 16, 1, NULL, 'Planète 10', 22),
	(122, 1, 17, 1, NULL, 'Planète 1', 18),
	(123, 2, 17, 1, NULL, 'Planète 2', 12),
	(124, 3, 17, 1, NULL, 'Planète 3', 3),
	(125, 4, 17, 1, NULL, 'Planète 4', 1),
	(126, 5, 17, 1, NULL, 'Planète 5', 2),
	(127, 6, 17, 1, NULL, 'Planète 6', 21),
	(128, 7, 17, 1, NULL, 'Planète 7', 17),
	(129, 8, 17, 1, NULL, 'Planète 8', 21),
	(130, 9, 17, 1, NULL, 'Planète 9', 16),
	(131, 10, 17, 1, NULL, 'Planète 10', 17),
	(132, 1, 18, 1, NULL, 'Planète 1', 10),
	(133, 2, 18, 1, NULL, 'Planète 2', 1),
	(134, 5, 18, 1, NULL, 'Planète 3', 5),
	(135, 6, 18, 1, NULL, 'Planète 4', 5),
	(136, 7, 18, 1, NULL, 'Planète 5', 7),
	(137, 8, 18, 1, NULL, 'Planète 6', 5),
	(138, 9, 18, 1, NULL, 'Planète 7', 17),
	(139, 10, 18, 1, NULL, 'Planète 8', 15),
	(140, 1, 19, 1, NULL, 'Planète 1', 15),
	(141, 2, 19, 1, NULL, 'Planète 2', 6),
	(142, 4, 19, 1, NULL, 'Planète 3', 5),
	(143, 5, 19, 1, NULL, 'Planète 4', 12),
	(144, 7, 19, 1, NULL, 'Planète 5', 11),
	(145, 9, 19, 1, NULL, 'Planète 6', 23),
	(146, 1, 20, 1, NULL, 'Planète 1', 7),
	(147, 2, 20, 1, NULL, 'Planète 2', 7),
	(148, 4, 20, 1, NULL, 'Planète 3', 21),
	(149, 5, 20, 1, NULL, 'Planète 4', 18),
	(150, 6, 20, 1, NULL, 'Planète 5', 10),
	(151, 7, 20, 1, NULL, 'Planète 6', 9),
	(152, 8, 20, 1, NULL, 'Planète 7', 3),
	(153, 9, 20, 1, NULL, 'Planète 8', 17),
	(154, 10, 20, 1, NULL, 'Planète 9', 12),
	(155, 2, 21, 1, NULL, 'Planète 1', 13),
	(156, 3, 21, 1, NULL, 'Planète 2', 19),
	(157, 6, 21, 1, NULL, 'Planète 3', 9),
	(158, 8, 21, 1, NULL, 'Planète 4', 19),
	(159, 9, 21, 1, NULL, 'Planète 5', 1),
	(160, 2, 22, 1, NULL, 'Planète 1', 18),
	(161, 4, 22, 1, NULL, 'Planète 2', 7),
	(162, 7, 22, 1, NULL, 'Planète 3', 2),
	(163, 10, 22, 1, NULL, 'Planète 4', 6),
	(164, 1, 23, 1, NULL, 'Planète 1', 7),
	(165, 2, 23, 1, NULL, 'Planète 2', 7),
	(166, 3, 23, 1, NULL, 'Planète 3', 21),
	(167, 4, 23, 1, NULL, 'Planète 4', 21),
	(168, 5, 23, 1, NULL, 'Planète 5', 6),
	(169, 6, 23, 1, NULL, 'Planète 6', 7),
	(170, 7, 23, 1, NULL, 'Planète 7', 17),
	(171, 8, 23, 1, NULL, 'Planète 8', 19),
	(172, 9, 23, 1, NULL, 'Planète 9', 13),
	(173, 10, 23, 1, NULL, 'Planète 10', 21),
	(174, 1, 24, 1, NULL, 'Planète 1', 23),
	(175, 5, 24, 1, NULL, 'Planète 2', 22),
	(176, 6, 24, 1, NULL, 'Planète 3', 22),
	(177, 7, 24, 1, NULL, 'Planète 4', 15),
	(178, 9, 24, 1, NULL, 'Planète 5', 12),
	(179, 2, 25, 1, NULL, 'Planète 1', 15),
	(180, 3, 25, 1, NULL, 'Planète 2', 21),
	(181, 5, 25, 1, NULL, 'Planète 3', 12),
	(182, 6, 25, 1, NULL, 'Planète 4', 23),
	(183, 9, 25, 1, NULL, 'Planète 5', 4),
	(184, 10, 25, 1, NULL, 'Planète 6', 9),
	(185, 1, 26, 1, NULL, 'Planète 1', 23),
	(186, 3, 26, 1, NULL, 'Planète 2', 16),
	(187, 4, 26, 1, NULL, 'Planète 3', 1),
	(188, 5, 26, 1, NULL, 'Planète 4', 22),
	(189, 8, 26, 1, NULL, 'Planète 5', 12),
	(190, 9, 26, 1, NULL, 'Planète 6', 22),
	(191, 10, 26, 1, NULL, 'Planète 7', 21),
	(192, 2, 27, 1, NULL, 'Planète 1', 1),
	(193, 3, 27, 1, NULL, 'Planète 2', 1),
	(194, 7, 27, 1, NULL, 'Planète 3', 16),
	(195, 8, 27, 1, NULL, 'Planète 4', 8),
	(196, 1, 28, 1, NULL, 'Planète 1', 15),
	(197, 2, 28, 1, NULL, 'Planète 2', 20),
	(198, 3, 28, 1, NULL, 'Planète 3', 15),
	(199, 4, 28, 1, NULL, 'Planète 4', 8),
	(200, 5, 28, 1, NULL, 'Planète 5', 4),
	(201, 6, 28, 1, NULL, 'Planète 6', 14),
	(202, 7, 28, 1, NULL, 'Planète 7', 23),
	(203, 8, 28, 1, NULL, 'Planète 8', 14),
	(204, 9, 28, 1, NULL, 'Planète 9', 1),
	(205, 10, 28, 1, NULL, 'Planète 10', 14),
	(206, 1, 29, 1, NULL, 'Planète 1', 2),
	(207, 2, 29, 1, NULL, 'Planète 2', 12),
	(208, 3, 29, 1, NULL, 'Planète 3', 9),
	(209, 4, 29, 1, NULL, 'Planète 4', 18),
	(210, 5, 29, 1, NULL, 'Planète 5', 15),
	(211, 6, 29, 1, NULL, 'Planète 6', 7),
	(212, 7, 29, 1, NULL, 'Planète 7', 18),
	(213, 8, 29, 1, NULL, 'Planète 8', 6),
	(214, 9, 29, 1, NULL, 'Planète 9', 15),
	(215, 10, 29, 1, NULL, 'Planète 10', 10),
	(216, 1, 30, 1, NULL, 'Planète 1', 3),
	(217, 3, 30, 1, NULL, 'Planète 2', 23),
	(218, 4, 30, 1, NULL, 'Planète 3', 3),
	(219, 5, 30, 1, NULL, 'Planète 4', 3),
	(220, 6, 30, 1, NULL, 'Planète 5', 9),
	(221, 7, 30, 1, NULL, 'Planète 6', 16),
	(222, 8, 30, 1, NULL, 'Planète 7', 9),
	(223, 9, 30, 1, NULL, 'Planète 8', 23),
	(224, 10, 30, 1, NULL, 'Planète 9', 19),
	(225, 1, 31, 1, NULL, 'Planète 1', 5),
	(226, 2, 31, 1, NULL, 'Planète 2', 10),
	(227, 3, 31, 1, NULL, 'Planète 3', 10),
	(228, 4, 31, 1, NULL, 'Planète 4', 13),
	(229, 5, 31, 1, NULL, 'Planète 5', 7),
	(230, 8, 31, 1, NULL, 'Planète 6', 3),
	(231, 9, 31, 1, NULL, 'Planète 7', 17),
	(232, 10, 31, 1, NULL, 'Planète 8', 7),
	(233, 2, 32, 1, NULL, 'Planète 1', 5),
	(234, 3, 32, 1, NULL, 'Planète 2', 20),
	(235, 4, 32, 1, NULL, 'Planète 3', 9),
	(236, 5, 32, 1, NULL, 'Planète 4', 19),
	(237, 6, 32, 1, NULL, 'Planète 5', 20),
	(238, 7, 32, 1, NULL, 'Planète 6', 1),
	(239, 8, 32, 1, NULL, 'Planète 7', 3),
	(240, 9, 32, 1, NULL, 'Planète 8', 18),
	(241, 10, 32, 1, NULL, 'Planète 9', 6),
	(242, 1, 33, 1, NULL, 'Planète 1', 6),
	(243, 2, 33, 1, NULL, 'Planète 2', 17),
	(244, 3, 33, 1, NULL, 'Planète 3', 15),
	(245, 4, 33, 1, NULL, 'Planète 4', 17),
	(246, 5, 33, 1, NULL, 'Planète 5', 5),
	(247, 6, 33, 1, NULL, 'Planète 6', 22),
	(248, 7, 33, 1, NULL, 'Planète 7', 17),
	(249, 8, 33, 1, NULL, 'Planète 8', 1),
	(250, 9, 33, 1, NULL, 'Planète 9', 8),
	(251, 10, 33, 1, NULL, 'Planète 10', 11),
	(252, 3, 34, 1, NULL, 'Planète 1', 17),
	(253, 4, 34, 1, NULL, 'Planète 2', 5),
	(254, 5, 34, 1, NULL, 'Planète 3', 8),
	(255, 6, 34, 1, NULL, 'Planète 4', 9),
	(256, 7, 34, 1, NULL, 'Planète 5', 3),
	(257, 9, 34, 1, NULL, 'Planète 6', 20),
	(258, 1, 35, 1, NULL, 'Planète 1', 23),
	(259, 2, 35, 1, NULL, 'Planète 2', 23),
	(260, 3, 35, 1, NULL, 'Planète 3', 14),
	(261, 5, 35, 1, NULL, 'Planète 4', 3),
	(262, 6, 35, 1, NULL, 'Planète 5', 5),
	(263, 7, 35, 1, NULL, 'Planète 6', 6),
	(264, 8, 35, 1, NULL, 'Planète 7', 2),
	(265, 9, 35, 1, NULL, 'Planète 8', 5),
	(266, 1, 36, 1, NULL, 'Planète 1', 22),
	(267, 2, 36, 1, NULL, 'Planète 2', 19),
	(268, 3, 36, 1, NULL, 'Planète 3', 21),
	(269, 4, 36, 1, NULL, 'Planète 4', 9),
	(270, 6, 36, 1, NULL, 'Planète 5', 22),
	(271, 7, 36, 1, NULL, 'Planète 6', 16),
	(272, 9, 36, 1, NULL, 'Planète 7', 5),
	(273, 10, 36, 1, NULL, 'Planète 8', 1),
	(274, 1, 37, 1, NULL, 'Planète 1', 6),
	(275, 2, 37, 1, NULL, 'Planète 2', 2),
	(276, 3, 37, 1, NULL, 'Planète 3', 17),
	(277, 4, 37, 1, NULL, 'Planète 4', 5),
	(278, 5, 37, 1, NULL, 'Planète 5', 6),
	(279, 6, 37, 1, NULL, 'Planète 6', 22),
	(280, 7, 37, 1, NULL, 'Planète 7', 7),
	(281, 8, 37, 1, NULL, 'Planète 8', 7),
	(282, 9, 37, 1, NULL, 'Planète 9', 14),
	(283, 10, 37, 1, NULL, 'Planète 10', 7),
	(284, 1, 38, 1, NULL, 'Planète 1', 12),
	(285, 2, 38, 1, NULL, 'Planète 2', 11),
	(286, 3, 38, 1, NULL, 'Planète 3', 8),
	(287, 4, 38, 1, NULL, 'Planète 4', 3),
	(288, 5, 38, 1, NULL, 'Planète 5', 20),
	(289, 6, 38, 1, NULL, 'Planète 6', 8),
	(290, 7, 38, 1, NULL, 'Planète 7', 23),
	(291, 8, 38, 1, NULL, 'Planète 8', 16),
	(292, 9, 38, 1, NULL, 'Planète 9', 20),
	(293, 10, 38, 1, NULL, 'Planète 10', 5),
	(294, 1, 39, 1, NULL, 'Planète 1', 4),
	(295, 5, 39, 1, NULL, 'Planète 2', 22),
	(296, 7, 39, 1, NULL, 'Planète 3', 1),
	(297, 9, 39, 1, NULL, 'Planète 4', 8),
	(298, 1, 40, 1, NULL, 'Planète 1', 15),
	(299, 4, 40, 1, NULL, 'Planète 2', 12),
	(300, 6, 40, 1, NULL, 'Planète 3', 1),
	(301, 9, 40, 1, NULL, 'Planète 4', 22),
	(302, 10, 40, 1, NULL, 'Planète 5', 5),
	(303, 1, 41, 1, NULL, 'Planète 1', 22),
	(304, 5, 41, 1, NULL, 'Planète 2', 5),
	(305, 7, 41, 1, NULL, 'Planète 3', 18),
	(306, 8, 41, 1, NULL, 'Planète 4', 22),
	(307, 10, 41, 1, NULL, 'Planète 5', 2),
	(308, 1, 42, 1, NULL, 'Planète 1', 12),
	(309, 2, 42, 1, NULL, 'Planète 2', 10),
	(310, 5, 42, 1, NULL, 'Planète 3', 16),
	(311, 7, 42, 1, NULL, 'Planète 4', 7),
	(312, 9, 42, 1, NULL, 'Planète 5', 5),
	(313, 1, 43, 1, NULL, 'Planète 1', 11),
	(314, 4, 43, 1, NULL, 'Planète 2', 22),
	(315, 5, 43, 1, NULL, 'Planète 3', 19),
	(316, 10, 43, 1, NULL, 'Planète 4', 3),
	(317, 1, 44, 1, NULL, 'Planète 1', 22),
	(318, 2, 44, 1, NULL, 'Planète 2', 9),
	(319, 4, 44, 1, NULL, 'Planète 3', 20),
	(320, 5, 44, 1, NULL, 'Planète 4', 6),
	(321, 6, 44, 1, NULL, 'Planète 5', 1),
	(322, 8, 44, 1, NULL, 'Planète 6', 7),
	(323, 9, 44, 1, NULL, 'Planète 7', 15),
	(324, 10, 44, 1, NULL, 'Planète 8', 5),
	(325, 1, 45, 1, NULL, 'Planète 1', 4),
	(326, 2, 45, 1, NULL, 'Planète 2', 21),
	(327, 4, 45, 1, NULL, 'Planète 3', 14),
	(328, 5, 45, 1, NULL, 'Planète 4', 1),
	(329, 8, 45, 1, NULL, 'Planète 5', 1),
	(330, 9, 45, 1, NULL, 'Planète 6', 1),
	(331, 10, 45, 1, NULL, 'Planète 7', 18),
	(332, 1, 46, 1, NULL, 'Planète 1', 17),
	(333, 2, 46, 1, NULL, 'Planète 2', 17),
	(334, 3, 46, 1, NULL, 'Planète 3', 18),
	(335, 5, 46, 1, NULL, 'Planète 4', 10),
	(336, 6, 46, 1, NULL, 'Planète 5', 12),
	(337, 7, 46, 1, NULL, 'Planète 6', 22),
	(338, 8, 46, 1, NULL, 'Planète 7', 4),
	(339, 9, 46, 1, NULL, 'Planète 8', 16),
	(340, 10, 46, 1, NULL, 'Planète 9', 17),
	(341, 4, 47, 1, NULL, 'Planète 1', 6),
	(342, 5, 47, 1, NULL, 'Planète 2', 18),
	(343, 6, 47, 1, NULL, 'Planète 3', 11),
	(344, 8, 47, 1, NULL, 'Planète 4', 23),
	(345, 9, 47, 1, NULL, 'Planète 5', 2),
	(346, 10, 47, 1, NULL, 'Planète 6', 4),
	(347, 1, 48, 1, NULL, 'Planète 1', 22),
	(348, 2, 48, 1, NULL, 'Planète 2', 12),
	(349, 3, 48, 1, NULL, 'Planète 3', 19),
	(350, 5, 48, 1, NULL, 'Planète 4', 11),
	(351, 6, 48, 1, NULL, 'Planète 5', 8),
	(352, 7, 48, 1, NULL, 'Planète 6', 20),
	(353, 8, 48, 1, NULL, 'Planète 7', 3),
	(354, 9, 48, 1, NULL, 'Planète 8', 22),
	(355, 10, 48, 1, NULL, 'Planète 9', 10),
	(356, 1, 49, 1, NULL, 'Planète 1', 13),
	(357, 4, 49, 1, NULL, 'Planète 2', 11),
	(358, 5, 49, 1, NULL, 'Planète 3', 2),
	(359, 6, 49, 1, NULL, 'Planète 4', 1),
	(360, 10, 49, 1, NULL, 'Planète 5', 3),
	(361, 1, 50, 1, NULL, 'Planète 1', 10),
	(362, 2, 50, 1, NULL, 'Planète 2', 18),
	(363, 4, 50, 1, NULL, 'Planète 3', 7),
	(364, 5, 50, 1, NULL, 'Planète 4', 18),
	(365, 7, 50, 1, NULL, 'Planète 5', 3),
	(366, 8, 50, 1, NULL, 'Planète 6', 16),
	(367, 9, 50, 1, NULL, 'Planète 7', 12),
	(368, 10, 50, 1, NULL, 'Planète 8', 15),
	(369, 1, 51, 2, NULL, 'Planète 1', 6),
	(370, 2, 51, 2, NULL, 'Planète 2', 10),
	(371, 3, 51, 2, NULL, 'Planète 3', 14),
	(372, 4, 51, 2, NULL, 'Planète 4', 5),
	(373, 5, 51, 2, NULL, 'Planète 5', 3),
	(374, 6, 51, 2, NULL, 'Planète 6', 20),
	(375, 7, 51, 2, NULL, 'Planète 7', 16),
	(376, 8, 51, 2, NULL, 'Planète 8', 16),
	(377, 9, 51, 2, NULL, 'Planète 9', 15),
	(378, 10, 51, 2, NULL, 'Planète 10', 14),
	(379, 1, 52, 2, NULL, 'Planète 1', 14),
	(380, 2, 52, 2, NULL, 'Planète 2', 9),
	(381, 3, 52, 2, NULL, 'Planète 3', 12),
	(382, 4, 52, 2, NULL, 'Planète 4', 16),
	(383, 5, 52, 2, NULL, 'Planète 5', 23),
	(384, 6, 52, 2, NULL, 'Planète 6', 1),
	(385, 8, 52, 2, NULL, 'Planète 7', 8),
	(386, 9, 52, 2, NULL, 'Planète 8', 15),
	(387, 10, 52, 2, NULL, 'Planète 9', 18),
	(388, 1, 53, 2, NULL, 'Planète 1', 16),
	(389, 2, 53, 2, NULL, 'Planète 2', 9),
	(390, 3, 53, 2, NULL, 'Planète 3', 8),
	(391, 5, 53, 2, NULL, 'Planète 4', 21),
	(392, 6, 53, 2, NULL, 'Planète 5', 1),
	(393, 9, 53, 2, NULL, 'Planète 6', 13),
	(394, 10, 53, 2, NULL, 'Planète 7', 18),
	(395, 2, 54, 2, NULL, 'Planète 1', 8),
	(396, 3, 54, 2, NULL, 'Planète 2', 13),
	(397, 5, 54, 2, NULL, 'Planète 3', 14),
	(398, 6, 54, 2, NULL, 'Planète 4', 7),
	(399, 7, 54, 2, NULL, 'Planète 5', 12),
	(400, 8, 54, 2, NULL, 'Planète 6', 17),
	(401, 10, 54, 2, NULL, 'Planète 7', 5),
	(402, 1, 55, 2, NULL, 'Planète 1', 16),
	(403, 2, 55, 2, NULL, 'Planète 2', 21),
	(404, 4, 55, 2, NULL, 'Planète 3', 9),
	(405, 9, 55, 2, NULL, 'Planète 4', 21),
	(406, 1, 56, 2, NULL, 'Planète 1', 19),
	(407, 2, 56, 2, NULL, 'Planète 2', 9),
	(408, 3, 56, 2, NULL, 'Planète 3', 15),
	(409, 4, 56, 2, NULL, 'Planète 4', 5),
	(410, 7, 56, 2, NULL, 'Planète 5', 6),
	(411, 8, 56, 2, NULL, 'Planète 6', 14),
	(412, 9, 56, 2, NULL, 'Planète 7', 2),
	(413, 2, 57, 2, NULL, 'Planète 1', 8),
	(414, 6, 57, 2, NULL, 'Planète 2', 23),
	(415, 9, 57, 2, NULL, 'Planète 3', 13),
	(416, 10, 57, 2, NULL, 'Planète 4', 19),
	(417, 1, 58, 2, NULL, 'Planète 1', 13),
	(418, 2, 58, 2, NULL, 'Planète 2', 13),
	(419, 3, 58, 2, NULL, 'Planète 3', 3),
	(420, 4, 58, 2, NULL, 'Planète 4', 20),
	(421, 5, 58, 2, NULL, 'Planète 5', 7),
	(422, 6, 58, 2, NULL, 'Planète 6', 13),
	(423, 7, 58, 2, NULL, 'Planète 7', 23),
	(424, 8, 58, 2, NULL, 'Planète 8', 22),
	(425, 10, 58, 2, NULL, 'Planète 9', 8),
	(426, 1, 59, 2, NULL, 'Planète 1', 14),
	(427, 2, 59, 2, NULL, 'Planète 2', 13),
	(428, 3, 59, 2, NULL, 'Planète 3', 2),
	(429, 4, 59, 2, NULL, 'Planète 4', 18),
	(430, 5, 59, 2, NULL, 'Planète 5', 2),
	(431, 6, 59, 2, NULL, 'Planète 6', 16),
	(432, 8, 59, 2, NULL, 'Planète 7', 6),
	(433, 10, 59, 2, NULL, 'Planète 8', 8),
	(434, 2, 60, 2, NULL, 'Planète 1', 23),
	(435, 3, 60, 2, NULL, 'Planète 2', 12),
	(436, 4, 60, 2, NULL, 'Planète 3', 14),
	(437, 5, 60, 2, NULL, 'Planète 4', 21),
	(438, 6, 60, 2, NULL, 'Planète 5', 4),
	(439, 7, 60, 2, NULL, 'Planète 6', 17),
	(440, 9, 60, 2, NULL, 'Planète 7', 9),
	(441, 10, 60, 2, NULL, 'Planète 8', 15),
	(442, 1, 61, 2, NULL, 'Planète 1', 20),
	(443, 2, 61, 2, NULL, 'Planète 2', 3),
	(444, 4, 61, 2, NULL, 'Planète 3', 6),
	(445, 5, 61, 2, NULL, 'Planète 4', 12),
	(446, 7, 61, 2, NULL, 'Planète 5', 9),
	(447, 9, 61, 2, NULL, 'Planète 6', 17),
	(448, 10, 61, 2, NULL, 'Planète 7', 13),
	(449, 1, 62, 2, NULL, 'Planète 1', 14),
	(450, 2, 62, 2, NULL, 'Planète 2', 3),
	(451, 3, 62, 2, NULL, 'Planète 3', 16),
	(452, 4, 62, 2, NULL, 'Planète 4', 5),
	(453, 5, 62, 2, NULL, 'Planète 5', 21),
	(454, 6, 62, 2, NULL, 'Planète 6', 16),
	(455, 7, 62, 2, NULL, 'Planète 7', 20),
	(456, 8, 62, 2, NULL, 'Planète 8', 12),
	(457, 9, 62, 2, NULL, 'Planète 9', 21),
	(458, 10, 62, 2, NULL, 'Planète 10', 11),
	(459, 1, 63, 2, NULL, 'Planète 1', 18),
	(460, 2, 63, 2, NULL, 'Planète 2', 19),
	(461, 3, 63, 2, NULL, 'Planète 3', 16),
	(462, 4, 63, 2, NULL, 'Planète 4', 23),
	(463, 5, 63, 2, NULL, 'Planète 5', 1),
	(464, 6, 63, 2, NULL, 'Planète 6', 13),
	(465, 7, 63, 2, NULL, 'Planète 7', 18),
	(466, 8, 63, 2, NULL, 'Planète 8', 19),
	(467, 9, 63, 2, NULL, 'Planète 9', 7),
	(468, 10, 63, 2, NULL, 'Planète 10', 9),
	(469, 1, 64, 2, NULL, 'Planète 1', 6),
	(470, 2, 64, 2, NULL, 'Planète 2', 7),
	(471, 3, 64, 2, NULL, 'Planète 3', 4),
	(472, 4, 64, 2, NULL, 'Planète 4', 19),
	(473, 5, 64, 2, NULL, 'Planète 5', 14),
	(474, 6, 64, 2, NULL, 'Planète 6', 9),
	(475, 7, 64, 2, NULL, 'Planète 7', 17),
	(476, 8, 64, 2, NULL, 'Planète 8', 13),
	(477, 10, 64, 2, NULL, 'Planète 9', 16),
	(478, 1, 65, 2, NULL, 'Planète 1', 5),
	(479, 2, 65, 2, NULL, 'Planète 2', 17),
	(480, 3, 65, 2, NULL, 'Planète 3', 18),
	(481, 4, 65, 2, NULL, 'Planète 4', 17),
	(482, 5, 65, 2, NULL, 'Planète 5', 20),
	(483, 6, 65, 2, NULL, 'Planète 6', 4),
	(484, 7, 65, 2, NULL, 'Planète 7', 6),
	(485, 8, 65, 2, NULL, 'Planète 8', 10),
	(486, 9, 65, 2, NULL, 'Planète 9', 15),
	(487, 10, 65, 2, NULL, 'Planète 10', 6),
	(488, 2, 66, 2, NULL, 'Planète 1', 1),
	(489, 3, 66, 2, NULL, 'Planète 2', 6),
	(490, 5, 66, 2, NULL, 'Planète 3', 19),
	(491, 7, 66, 2, NULL, 'Planète 4', 8),
	(492, 10, 66, 2, NULL, 'Planète 5', 20),
	(493, 4, 67, 2, NULL, 'Planète 1', 12),
	(494, 5, 67, 2, NULL, 'Planète 2', 4),
	(495, 7, 67, 2, NULL, 'Planète 3', 1),
	(496, 10, 67, 2, NULL, 'Planète 4', 12),
	(497, 5, 68, 2, NULL, 'Planète 1', 23),
	(498, 6, 68, 2, NULL, 'Planète 2', 18),
	(499, 8, 68, 2, NULL, 'Planète 3', 7),
	(500, 9, 68, 2, NULL, 'Planète 4', 20),
	(501, 1, 69, 2, NULL, 'Planète 1', 13),
	(502, 3, 69, 2, NULL, 'Planète 2', 19),
	(503, 4, 69, 2, NULL, 'Planète 3', 17),
	(504, 5, 69, 2, NULL, 'Planète 4', 6),
	(505, 7, 69, 2, NULL, 'Planète 5', 23),
	(506, 8, 69, 2, NULL, 'Planète 6', 12),
	(507, 9, 69, 2, NULL, 'Planète 7', 19),
	(508, 4, 70, 2, NULL, 'Planète 1', 2),
	(509, 5, 70, 2, NULL, 'Planète 2', 18),
	(510, 6, 70, 2, NULL, 'Planète 3', 19),
	(511, 7, 70, 2, NULL, 'Planète 4', 6),
	(512, 9, 70, 2, NULL, 'Planète 5', 9),
	(513, 10, 70, 2, NULL, 'Planète 6', 19),
	(514, 1, 71, 2, NULL, 'Planète 1', 16),
	(515, 2, 71, 2, NULL, 'Planète 2', 10),
	(516, 3, 71, 2, NULL, 'Planète 3', 22),
	(517, 4, 71, 2, NULL, 'Planète 4', 8),
	(518, 5, 71, 2, NULL, 'Planète 5', 21),
	(519, 6, 71, 2, NULL, 'Planète 6', 3),
	(520, 7, 71, 2, NULL, 'Planète 7', 18),
	(521, 8, 71, 2, NULL, 'Planète 8', 14),
	(522, 9, 71, 2, NULL, 'Planète 9', 20),
	(523, 10, 71, 2, NULL, 'Planète 10', 7),
	(524, 2, 72, 2, NULL, 'Planète 1', 11),
	(525, 3, 72, 2, 1, 'Planète 2', 21),
	(526, 4, 72, 2, NULL, 'Planète 3', 21),
	(527, 6, 72, 2, NULL, 'Planète 4', 21),
	(528, 7, 72, 2, NULL, 'Planète 5', 21),
	(529, 8, 72, 2, NULL, 'Planète 6', 20),
	(530, 10, 72, 2, NULL, 'Planète 7', 13),
	(531, 1, 73, 2, NULL, 'Planète 1', 18),
	(532, 2, 73, 2, NULL, 'Planète 2', 17),
	(533, 3, 73, 2, NULL, 'Planète 3', 16),
	(534, 4, 73, 2, NULL, 'Planète 4', 22),
	(535, 5, 73, 2, NULL, 'Planète 5', 2),
	(536, 6, 73, 2, NULL, 'Planète 6', 5),
	(537, 7, 73, 2, NULL, 'Planète 7', 15),
	(538, 8, 73, 2, NULL, 'Planète 8', 22),
	(539, 9, 73, 2, NULL, 'Planète 9', 14),
	(540, 1, 74, 2, NULL, 'Planète 1', 8),
	(541, 3, 74, 2, NULL, 'Planète 2', 1),
	(542, 4, 74, 2, NULL, 'Planète 3', 23),
	(543, 5, 74, 2, NULL, 'Planète 4', 7),
	(544, 6, 74, 2, NULL, 'Planète 5', 23),
	(545, 7, 74, 2, NULL, 'Planète 6', 3),
	(546, 8, 74, 2, NULL, 'Planète 7', 4),
	(547, 9, 74, 2, NULL, 'Planète 8', 1),
	(548, 10, 74, 2, NULL, 'Planète 9', 11),
	(549, 1, 75, 2, NULL, 'Planète 1', 17),
	(550, 2, 75, 2, NULL, 'Planète 2', 7),
	(551, 3, 75, 2, NULL, 'Planète 3', 23),
	(552, 4, 75, 2, NULL, 'Planète 4', 6),
	(553, 5, 75, 2, NULL, 'Planète 5', 4),
	(554, 6, 75, 2, NULL, 'Planète 6', 16),
	(555, 7, 75, 2, NULL, 'Planète 7', 10),
	(556, 8, 75, 2, NULL, 'Planète 8', 16),
	(557, 9, 75, 2, NULL, 'Planète 9', 4),
	(558, 10, 75, 2, NULL, 'Planète 10', 22),
	(559, 1, 76, 2, NULL, 'Planète 1', 9),
	(560, 2, 76, 2, NULL, 'Planète 2', 1),
	(561, 3, 76, 2, NULL, 'Planète 3', 4),
	(562, 5, 76, 2, NULL, 'Planète 4', 21),
	(563, 6, 76, 2, NULL, 'Planète 5', 9),
	(564, 7, 76, 2, NULL, 'Planète 6', 21),
	(565, 8, 76, 2, NULL, 'Planète 7', 1),
	(566, 9, 76, 2, NULL, 'Planète 8', 16),
	(567, 10, 76, 2, NULL, 'Planète 9', 13),
	(568, 1, 77, 2, NULL, 'Planète 1', 15),
	(569, 2, 77, 2, NULL, 'Planète 2', 4),
	(570, 4, 77, 2, NULL, 'Planète 3', 5),
	(571, 5, 77, 2, NULL, 'Planète 4', 7),
	(572, 6, 77, 2, NULL, 'Planète 5', 13),
	(573, 7, 77, 2, NULL, 'Planète 6', 12),
	(574, 8, 77, 2, NULL, 'Planète 7', 7),
	(575, 9, 77, 2, NULL, 'Planète 8', 2),
	(576, 10, 77, 2, NULL, 'Planète 9', 4),
	(577, 2, 78, 2, NULL, 'Planète 1', 7),
	(578, 4, 78, 2, NULL, 'Planète 2', 3),
	(579, 5, 78, 2, NULL, 'Planète 3', 11),
	(580, 8, 78, 2, NULL, 'Planète 4', 4),
	(581, 9, 78, 2, NULL, 'Planète 5', 23),
	(582, 1, 79, 2, NULL, 'Planète 1', 23),
	(583, 2, 79, 2, NULL, 'Planète 2', 2),
	(584, 3, 79, 2, NULL, 'Planète 3', 23),
	(585, 4, 79, 2, NULL, 'Planète 4', 11),
	(586, 6, 79, 2, NULL, 'Planète 5', 2),
	(587, 7, 79, 2, NULL, 'Planète 6', 8),
	(588, 8, 79, 2, NULL, 'Planète 7', 8),
	(589, 9, 79, 2, NULL, 'Planète 8', 22),
	(590, 1, 80, 2, NULL, 'Planète 1', 8),
	(591, 2, 80, 2, NULL, 'Planète 2', 21),
	(592, 3, 80, 2, NULL, 'Planète 3', 23),
	(593, 5, 80, 2, NULL, 'Planète 4', 14),
	(594, 8, 80, 2, NULL, 'Planète 5', 14),
	(595, 9, 80, 2, NULL, 'Planète 6', 21),
	(596, 10, 80, 2, NULL, 'Planète 7', 17),
	(597, 1, 81, 2, NULL, 'Planète 1', 9),
	(598, 2, 81, 2, NULL, 'Planète 2', 23),
	(599, 3, 81, 2, NULL, 'Planète 3', 8),
	(600, 4, 81, 2, NULL, 'Planète 4', 6),
	(601, 5, 81, 2, NULL, 'Planète 5', 18),
	(602, 6, 81, 2, NULL, 'Planète 6', 16),
	(603, 7, 81, 2, NULL, 'Planète 7', 5),
	(604, 8, 81, 2, NULL, 'Planète 8', 10),
	(605, 9, 81, 2, NULL, 'Planète 9', 11),
	(606, 10, 81, 2, NULL, 'Planète 10', 13),
	(607, 1, 82, 2, NULL, 'Planète 1', 23),
	(608, 2, 82, 2, NULL, 'Planète 2', 4),
	(609, 3, 82, 2, NULL, 'Planète 3', 2),
	(610, 7, 82, 2, NULL, 'Planète 4', 4),
	(611, 1, 83, 2, NULL, 'Planète 1', 9),
	(612, 2, 83, 2, NULL, 'Planète 2', 10),
	(613, 3, 83, 2, NULL, 'Planète 3', 19),
	(614, 4, 83, 2, NULL, 'Planète 4', 4),
	(615, 6, 83, 2, NULL, 'Planète 5', 18),
	(616, 10, 83, 2, NULL, 'Planète 6', 8),
	(617, 2, 84, 2, NULL, 'Planète 1', 9),
	(618, 4, 84, 2, NULL, 'Planète 2', 10),
	(619, 5, 84, 2, NULL, 'Planète 3', 4),
	(620, 8, 84, 2, NULL, 'Planète 4', 14),
	(621, 9, 84, 2, NULL, 'Planète 5', 18),
	(622, 10, 84, 2, NULL, 'Planète 6', 13),
	(623, 1, 85, 2, NULL, 'Planète 1', 10),
	(624, 5, 85, 2, NULL, 'Planète 2', 5),
	(625, 8, 85, 2, NULL, 'Planète 3', 18),
	(626, 9, 85, 2, NULL, 'Planète 4', 17),
	(627, 10, 85, 2, NULL, 'Planète 5', 8),
	(628, 1, 86, 2, NULL, 'Planète 1', 1),
	(629, 2, 86, 2, NULL, 'Planète 2', 3),
	(630, 3, 86, 2, NULL, 'Planète 3', 14),
	(631, 4, 86, 2, NULL, 'Planète 4', 2),
	(632, 5, 86, 2, NULL, 'Planète 5', 3),
	(633, 6, 86, 2, NULL, 'Planète 6', 1),
	(634, 7, 86, 2, NULL, 'Planète 7', 1),
	(635, 8, 86, 2, NULL, 'Planète 8', 13),
	(636, 9, 86, 2, NULL, 'Planète 9', 4),
	(637, 10, 86, 2, NULL, 'Planète 10', 7),
	(638, 1, 87, 2, NULL, 'Planète 1', 22),
	(639, 2, 87, 2, NULL, 'Planète 2', 8),
	(640, 3, 87, 2, NULL, 'Planète 3', 1),
	(641, 7, 87, 2, NULL, 'Planète 4', 11),
	(642, 8, 87, 2, NULL, 'Planète 5', 2),
	(643, 10, 87, 2, NULL, 'Planète 6', 23),
	(644, 2, 88, 2, NULL, 'Planète 1', 12),
	(645, 3, 88, 2, NULL, 'Planète 2', 11),
	(646, 8, 88, 2, NULL, 'Planète 3', 7),
	(647, 10, 88, 2, NULL, 'Planète 4', 16),
	(648, 1, 89, 2, NULL, 'Planète 1', 11),
	(649, 2, 89, 2, NULL, 'Planète 2', 19),
	(650, 4, 89, 2, NULL, 'Planète 3', 6),
	(651, 5, 89, 2, NULL, 'Planète 4', 20),
	(652, 6, 89, 2, NULL, 'Planète 5', 1),
	(653, 8, 89, 2, NULL, 'Planète 6', 15),
	(654, 10, 89, 2, NULL, 'Planète 7', 8),
	(655, 1, 90, 2, NULL, 'Planète 1', 11),
	(656, 2, 90, 2, NULL, 'Planète 2', 12),
	(657, 4, 90, 2, NULL, 'Planète 3', 22),
	(658, 6, 90, 2, NULL, 'Planète 4', 10),
	(659, 10, 90, 2, NULL, 'Planète 5', 2),
	(660, 1, 91, 2, NULL, 'Planète 1', 1),
	(661, 3, 91, 2, NULL, 'Planète 2', 17),
	(662, 4, 91, 2, NULL, 'Planète 3', 14),
	(663, 5, 91, 2, NULL, 'Planète 4', 12),
	(664, 6, 91, 2, NULL, 'Planète 5', 21),
	(665, 8, 91, 2, NULL, 'Planète 6', 5),
	(666, 10, 91, 2, NULL, 'Planète 7', 6),
	(667, 3, 92, 2, NULL, 'Planète 1', 19),
	(668, 4, 92, 2, NULL, 'Planète 2', 21),
	(669, 5, 92, 2, NULL, 'Planète 3', 21),
	(670, 6, 92, 2, NULL, 'Planète 4', 2),
	(671, 10, 92, 2, NULL, 'Planète 5', 13),
	(672, 1, 93, 2, NULL, 'Planète 1', 9),
	(673, 2, 93, 2, NULL, 'Planète 2', 22),
	(674, 3, 93, 2, NULL, 'Planète 3', 8),
	(675, 4, 93, 2, NULL, 'Planète 4', 16),
	(676, 5, 93, 2, NULL, 'Planète 5', 5),
	(677, 6, 93, 2, NULL, 'Planète 6', 13),
	(678, 7, 93, 2, NULL, 'Planète 7', 6),
	(679, 8, 93, 2, NULL, 'Planète 8', 1),
	(680, 9, 93, 2, NULL, 'Planète 9', 4),
	(681, 10, 93, 2, NULL, 'Planète 10', 12),
	(682, 1, 94, 2, NULL, 'Planète 1', 12),
	(683, 2, 94, 2, NULL, 'Planète 2', 15),
	(684, 3, 94, 2, NULL, 'Planète 3', 18),
	(685, 4, 94, 2, NULL, 'Planète 4', 12),
	(686, 5, 94, 2, NULL, 'Planète 5', 9),
	(687, 6, 94, 2, NULL, 'Planète 6', 11),
	(688, 7, 94, 2, NULL, 'Planète 7', 10),
	(689, 8, 94, 2, NULL, 'Planète 8', 6),
	(690, 9, 94, 2, NULL, 'Planète 9', 22),
	(691, 10, 94, 2, NULL, 'Planète 10', 16),
	(692, 2, 95, 2, NULL, 'Planète 1', 17),
	(693, 3, 95, 2, NULL, 'Planète 2', 20),
	(694, 4, 95, 2, NULL, 'Planète 3', 16),
	(695, 5, 95, 2, NULL, 'Planète 4', 9),
	(696, 6, 95, 2, NULL, 'Planète 5', 14),
	(697, 8, 95, 2, NULL, 'Planète 6', 22),
	(698, 9, 95, 2, NULL, 'Planète 7', 20),
	(699, 10, 95, 2, NULL, 'Planète 8', 23),
	(700, 1, 96, 2, NULL, 'Planète 1', 5),
	(701, 2, 96, 2, NULL, 'Planète 2', 23),
	(702, 5, 96, 2, NULL, 'Planète 3', 4),
	(703, 6, 96, 2, NULL, 'Planète 4', 3),
	(704, 8, 96, 2, NULL, 'Planète 5', 1),
	(705, 10, 96, 2, NULL, 'Planète 6', 2),
	(706, 1, 97, 2, NULL, 'Planète 1', 12),
	(707, 2, 97, 2, NULL, 'Planète 2', 9),
	(708, 4, 97, 2, NULL, 'Planète 3', 15),
	(709, 5, 97, 2, NULL, 'Planète 4', 5),
	(710, 6, 97, 2, NULL, 'Planète 5', 21),
	(711, 8, 97, 2, NULL, 'Planète 6', 1),
	(712, 9, 97, 2, NULL, 'Planète 7', 7),
	(713, 1, 98, 2, NULL, 'Planète 1', 4),
	(714, 2, 98, 2, NULL, 'Planète 2', 20),
	(715, 3, 98, 2, NULL, 'Planète 3', 1),
	(716, 4, 98, 2, NULL, 'Planète 4', 21),
	(717, 5, 98, 2, NULL, 'Planète 5', 5),
	(718, 6, 98, 2, NULL, 'Planète 6', 5),
	(719, 7, 98, 2, NULL, 'Planète 7', 21),
	(720, 8, 98, 2, NULL, 'Planète 8', 3),
	(721, 9, 98, 2, NULL, 'Planète 9', 17),
	(722, 10, 98, 2, NULL, 'Planète 10', 15),
	(723, 1, 99, 2, NULL, 'Planète 1', 17),
	(724, 2, 99, 2, NULL, 'Planète 2', 16),
	(725, 3, 99, 2, NULL, 'Planète 3', 5),
	(726, 4, 99, 2, NULL, 'Planète 4', 1),
	(727, 6, 99, 2, NULL, 'Planète 5', 17),
	(728, 9, 99, 2, NULL, 'Planète 6', 9),
	(729, 10, 99, 2, NULL, 'Planète 7', 21),
	(730, 4, 100, 2, NULL, 'Planète 1', 5),
	(731, 5, 100, 2, NULL, 'Planète 2', 5),
	(732, 6, 100, 2, NULL, 'Planète 3', 1),
	(733, 7, 100, 2, NULL, 'Planète 4', 18),
	(734, 8, 100, 2, NULL, 'Planète 5', 9);
/*!40000 ALTER TABLE `planete` ENABLE KEYS */;

-- Listage de la structure de la table esirem_galactique. position
CREATE TABLE IF NOT EXISTS `position` (
  `id` int(11) NOT NULL AUTO_INCREMENT,
  `taille` int(11) DEFAULT NULL,
  `bonusSolaire` int(11) DEFAULT NULL,
  `bonusMetal` int(11) DEFAULT NULL,
  `bonusDeuterium` int(11) DEFAULT NULL,
  PRIMARY KEY (`id`)
) ENGINE=InnoDB DEFAULT CHARSET=latin1 COLLATE=latin1_swedish_ci;

-- Listage des données de la table esirem_galactique.position : ~10 rows (environ)
/*!40000 ALTER TABLE `position` DISABLE KEYS */;
INSERT IGNORE INTO `position` (`id`, `taille`, `bonusSolaire`, `bonusMetal`, `bonusDeuterium`) VALUES
	(1, 90, 30, 0, -15),
	(2, 100, 20, 5, -10),
	(3, 110, 10, 10, -5),
	(4, 120, 5, 15, 0),
	(5, 130, 0, 20, 0),
	(6, 130, 0, 15, 10),
	(7, 120, -10, 10, 15),
	(8, 110, -20, 5, 20),
	(9, 100, -30, 0, 25),
	(10, 90, -40, -5, 30);
/*!40000 ALTER TABLE `position` ENABLE KEYS */;

-- Listage de la structure de la table esirem_galactique. pseudo
CREATE TABLE IF NOT EXISTS `pseudo` (
  `id` int(11) NOT NULL AUTO_INCREMENT,
  `nom` varchar(50) NOT NULL,
  PRIMARY KEY (`id`)
) ENGINE=InnoDB DEFAULT CHARSET=latin1 COLLATE=latin1_swedish_ci;

-- Listage des données de la table esirem_galactique.pseudo : ~197 rows (environ)
/*!40000 ALTER TABLE `pseudo` DISABLE KEYS */;
INSERT IGNORE INTO `pseudo` (`id`, `nom`) VALUES
	(1, 'Nova Frost'),
	(2, 'Crimson Blaze'),
	(3, 'Shadow Hunter'),
	(4, 'Iron Phoenix'),
	(5, 'Mystic Storm'),
	(6, 'Blaze Runner'),
	(7, 'Phantom Assassin'),
	(8, 'Arctic Wolf'),
	(9, 'Cyber Knight'),
	(10, 'Comet Crusader'),
	(11, 'Neon Ninja'),
	(12, 'Eclipse Fury'),
	(13, 'Thunderbolt Titan'),
	(14, 'Starlight Sentinel'),
	(15, 'Solar Samurai'),
	(16, 'Nightshade Ninja'),
	(17, 'Galactic Guardian'),
	(18, 'Firebrand Fury'),
	(19, 'Tempest Tamer'),
	(20, 'Emerald Enigma'),
	(21, 'Captain Falcon'),
	(22, 'Commander Hawk'),
	(23, 'General Falconer'),
	(24, 'Winged Warrior'),
	(25, 'Sky Sentinel'),
	(26, 'Soaring Eagle'),
	(27, 'High-Flying Hero'),
	(28, 'Flight Commander'),
	(29, 'Airborne Ace'),
	(30, 'Sky Captain'),
	(31, 'Wing Commander'),
	(32, 'Sky Hunter'),
	(33, 'Aerial Avenger'),
	(34, 'Flying Fury'),
	(35, 'Sky Guardian'),
	(36, 'Winged Avenger'),
	(37, 'Sky Soldier'),
	(38, 'Air Force Angel'),
	(39, 'Winged Wonder'),
	(40, 'Cloud Crusader'),
	(41, 'Iron Bear'),
	(42, 'Steel Saber'),
	(43, 'Shadow Stalker'),
	(44, 'Mystic Mage'),
	(45, 'Blaze Bolt'),
	(46, 'Phantom Fury'),
	(47, 'Arctic Archer'),
	(48, 'Cyber Crusader'),
	(49, 'Comet Challenger'),
	(50, 'Neon Knight'),
	(51, 'Eclipse Enigma'),
	(52, 'Thunder Tiger'),
	(53, 'Starlight Savior'),
	(54, 'Solar Sentinel'),
	(55, 'Nightshade Ninja'),
	(56, 'Galactic Guardian'),
	(57, 'Firebrand Falcon'),
	(58, 'Tempest Titan'),
	(59, 'Emerald Eagle'),
	(60, 'Ruby Raven'),
	(61, 'Dark Dragon'),
	(62, 'Ice Inferno'),
	(63, 'Storm Sentinel'),
	(64, 'Mystic Master'),
	(65, 'Blaze Blaze'),
	(66, 'Phantom Phoenix'),
	(67, 'Frozen Falcon'),
	(68, 'Cyber Crusade'),
	(69, 'Comet Conqueror'),
	(70, 'Neon Nighthawk'),
	(71, 'Eclipse Elixir'),
	(72, 'Thunder Titan'),
	(73, 'Starlight Savior'),
	(74, 'Solar Spearhead'),
	(75, 'Galactic Gladiator'),
	(76, 'Firebrand Furyhawk'),
	(77, 'Tempest Templar'),
	(78, 'Emerald Enchanter'),
	(79, 'Ruby Raptor'),
	(80, 'Frostbite Fury'),
	(81, 'Shadow Shogun'),
	(82, 'Thunderous Tempest'),
	(83, 'Phoenix Paladin'),
	(84, 'Venomous Viper'),
	(85, 'Crimson Crusader'),
	(86, 'Mystic Mercenary'),
	(87, 'Cosmic Commander'),
	(88, 'Galactic Gladiator'),
	(89, 'Iron Invincible'),
	(90, 'Sentinel Samurai'),
	(91, 'Nightshade Ninja'),
	(92, 'Serpent Slayer'),
	(93, 'Dragon Defender'),
	(94, 'Saber Sentinel'),
	(95, 'Titan Tornado'),
	(96, 'Inferno Inquisitor'),
	(97, 'Cyclone Champion'),
	(98, 'Mystic Maverick'),
	(99, 'Frost Fang'),
	(100, 'Shadow Sage'),
	(101, 'Thunder Thief'),
	(102, 'Phoenix Fury'),
	(103, 'Venom Vixen'),
	(104, 'Crimson Claw'),
	(105, 'Mystic Mind'),
	(106, 'Cosmic Crusader'),
	(107, 'Galactic Guardian'),
	(108, 'Iron Illusionist'),
	(109, 'Sentinel Sabre'),
	(110, 'Thunderbird Titan'),
	(111, 'Nightshade Ninja'),
	(112, 'Serpent Savior'),
	(113, 'Dragon Defender'),
	(114, 'Saber Sentinel'),
	(115, 'Titan Tactician'),
	(116, 'Inferno Igniter'),
	(117, 'Cyclone Conqueror'),
	(118, 'Mystic Marshal'),
	(119, 'Shadow Sentinel'),
	(120, 'Crimson Crusader'),
	(121, 'Dark Destroyer'),
	(122, 'Arcane Avenger'),
	(123, 'Frost Fury'),
	(124, 'Thunderbolt Titan'),
	(125, 'Mystic Marauder'),
	(126, 'Emerald Enforcer'),
	(127, 'Steel Storm'),
	(128, 'Golden Gladiator'),
	(129, 'Silver Sentinel'),
	(130, 'Cosmic Crusader'),
	(131, 'Inferno Invader'),
	(132, 'Jade Juggernaut'),
	(133, 'Phoenix Fury'),
	(134, 'Shadow Saber'),
	(135, 'Cosmic Champion'),
	(136, 'Diamond Defender'),
	(137, 'Neon Nihilist'),
	(138, 'Obsidian Overlord'),
	(139, 'Quantum Quicksilver'),
	(140, 'Sapphire Samurai'),
	(141, 'Void Vindicator'),
	(142, 'Arctic Avenger'),
	(143, 'Blaze Battler'),
	(144, 'Cosmic Corsair'),
	(145, 'Diamond Dynamo'),
	(146, 'Electric Enigma'),
	(147, 'Flame Fighter'),
	(148, 'Ghostly Guardian'),
	(149, 'Hurricane Hunter'),
	(150, 'Iron Idol'),
	(151, 'Jade Jaguar'),
	(152, 'Knightly Knight'),
	(153, 'Lunar Lancer'),
	(154, 'Mystic Mastermind'),
	(155, 'Neon Ninja'),
	(156, 'Omega Oppressor'),
	(157, 'Platinum Paladin'),
	(158, 'Quantum Queen'),
	(159, 'Ruby Ranger'),
	(160, 'Shadow Shogun'),
	(161, 'Thunderous Titan'),
	(162, 'Ultraviolet Utopian'),
	(163, 'Vicious Vandal'),
	(164, 'Winter Warrior'),
	(165, 'X-treme X-ecutioner'),
	(166, 'Yellow Yaksha'),
	(167, 'Zombie Zapper'),
	(168, 'Abyssal Assassin'),
	(169, 'Black Blade'),
	(170, 'Celestial Crusader'),
	(171, 'Dark Druid'),
	(172, 'Electric Eagle'),
	(173, 'Frozen Fury'),
	(174, 'Ghostly Ghoul'),
	(175, 'Holy Hunter'),
	(176, 'Icy Idol'),
	(177, 'Jade Jester'),
	(178, 'Karmic Knight'),
	(179, 'Lunar Lion'),
	(180, 'Mystic Mage'),
	(181, 'Night Nihilist'),
	(182, 'Onyx Oracle'),
	(183, 'Phoenix Phenom'),
	(184, 'Quantum Quasar'),
	(185, 'Ruby Reaper'),
	(186, 'Silver Serpent'),
	(187, 'Urban Unicorn'),
	(188, 'Vampire Vixen'),
	(189, 'White Witch'),
	(190, 'X-treme Xenophile'),
	(191, 'Yellow Yeti'),
	(192, 'Zombie Zealot'),
	(193, 'Alpha Assassin'),
	(194, 'Bloodthirsty Butcher'),
	(195, 'Cosmic Conqueror'),
	(196, 'Dark Demon'),
	(197, 'Electric Executioner');
/*!40000 ALTER TABLE `pseudo` ENABLE KEYS */;

-- Listage de la structure de la table esirem_galactique. recherche
CREATE TABLE IF NOT EXISTS `recherche` (
  `id` int(11) NOT NULL AUTO_INCREMENT,
  `idUtilisateur` int(11) NOT NULL,
  `idPlanete` int(11) NOT NULL,
  `idTechnologie` int(11) NOT NULL,
  `niveau` int(11) DEFAULT 0,
  `dateFin` datetime DEFAULT NULL,
  PRIMARY KEY (`id`),
  KEY `FK_recherche_univers` (`idUtilisateur`) USING BTREE,
  KEY `FK_recherche_planete` (`idPlanete`),
  KEY `FK_recherche_Technologie` (`idTechnologie`),
  CONSTRAINT `FK_recherche_Technologie` FOREIGN KEY (`idTechnologie`) REFERENCES `technologie` (`id`) ON DELETE NO ACTION ON UPDATE NO ACTION,
  CONSTRAINT `FK_recherche_planete` FOREIGN KEY (`idPlanete`) REFERENCES `planete` (`id`) ON DELETE NO ACTION ON UPDATE NO ACTION,
  CONSTRAINT `FK_recherche_utilisateurs` FOREIGN KEY (`idUtilisateur`) REFERENCES `utilisateurs` (`id`) ON DELETE NO ACTION ON UPDATE NO ACTION
) ENGINE=InnoDB DEFAULT CHARSET=latin1 COLLATE=latin1_swedish_ci;

-- Listage des données de la table esirem_galactique.recherche : ~12 rows (environ)
/*!40000 ALTER TABLE `recherche` DISABLE KEYS */;
INSERT IGNORE INTO `recherche` (`id`, `idUtilisateur`, `idPlanete`, `idTechnologie`, `niveau`, `dateFin`) VALUES
	(3, 1, 525, 1, 8, NULL),
	(4, 1, 525, 2, 6, NULL),
	(5, 1, 525, 3, 6, NULL),
	(6, 1, 525, 4, 1, NULL),
	(7, 1, 525, 5, 0, NULL),
	(8, 1, 525, 6, 1, NULL),
	(9, 1, 101, 1, 0, NULL),
	(10, 1, 101, 2, 0, NULL),
	(11, 1, 101, 3, 0, NULL),
	(12, 1, 101, 4, 0, NULL),
	(13, 1, 101, 5, 0, NULL),
	(14, 1, 101, 6, 0, NULL);
/*!40000 ALTER TABLE `recherche` ENABLE KEYS */;

-- Listage de la structure de la table esirem_galactique. ressources
CREATE TABLE IF NOT EXISTS `ressources` (
  `id` int(11) NOT NULL AUTO_INCREMENT,
  `idUtilisateurs` int(11) NOT NULL,
  `idUnivers` int(11) NOT NULL,
  `metal` int(11) DEFAULT NULL,
  `deuterium` int(11) DEFAULT NULL,
  `energie` int(11) DEFAULT NULL,
  `dateDeconnexion` datetime DEFAULT NULL,
  PRIMARY KEY (`id`),
  KEY `FK_ressources_utilisateur` (`idUtilisateurs`),
  KEY `FK_ressources_univers` (`idUnivers`),
  CONSTRAINT `FK_ressource_univers` FOREIGN KEY (`idUnivers`) REFERENCES `univers` (`id`) ON DELETE NO ACTION ON UPDATE NO ACTION,
  CONSTRAINT `FK_ressource_utilisateur` FOREIGN KEY (`idUtilisateurs`) REFERENCES `utilisateurs` (`id`) ON DELETE NO ACTION ON UPDATE NO ACTION
) ENGINE=InnoDB DEFAULT CHARSET=latin1 COLLATE=latin1_swedish_ci;

-- Listage des données de la table esirem_galactique.ressources : ~2 rows (environ)
/*!40000 ALTER TABLE `ressources` DISABLE KEYS */;
INSERT IGNORE INTO `ressources` (`id`, `idUtilisateurs`, `idUnivers`, `metal`, `deuterium`, `energie`, `dateDeconnexion`) VALUES
	(1, 1, 1, 5993, 2214, 924, '2023-06-02 09:23:35'),
	(2, 1, 2, 221816, 2724, -4720, '2023-06-03 11:38:48');
/*!40000 ALTER TABLE `ressources` ENABLE KEYS */;

-- Listage de la structure de la table esirem_galactique. systemsolaire
CREATE TABLE IF NOT EXISTS `systemsolaire` (
  `id` int(11) NOT NULL AUTO_INCREMENT,
  `idGalaxie` int(11) NOT NULL,
  `nom` varchar(50) NOT NULL,
  PRIMARY KEY (`id`),
  KEY `FK_systemeSolaire_galaxie` (`idGalaxie`),
  CONSTRAINT `FK_systemesolaire_galaxie` FOREIGN KEY (`idGalaxie`) REFERENCES `galaxie` (`id`) ON DELETE NO ACTION ON UPDATE NO ACTION
) ENGINE=InnoDB DEFAULT CHARSET=latin1 COLLATE=latin1_swedish_ci;

-- Listage des données de la table esirem_galactique.systemsolaire : ~100 rows (environ)
/*!40000 ALTER TABLE `systemsolaire` DISABLE KEYS */;
INSERT IGNORE INTO `systemsolaire` (`id`, `idGalaxie`, `nom`) VALUES
	(1, 1, 'Système solaire 1'),
	(2, 1, 'Système solaire 2'),
	(3, 1, 'Système solaire 3'),
	(4, 1, 'Système solaire 4'),
	(5, 1, 'Système solaire 5'),
	(6, 1, 'Système solaire 6'),
	(7, 1, 'Système solaire 7'),
	(8, 1, 'Système solaire 8'),
	(9, 1, 'Système solaire 9'),
	(10, 1, 'Système solaire 10'),
	(11, 2, 'Système solaire 1'),
	(12, 2, 'Système solaire 2'),
	(13, 2, 'Système solaire 3'),
	(14, 2, 'Système solaire 4'),
	(15, 2, 'Système solaire 5'),
	(16, 2, 'Système solaire 6'),
	(17, 2, 'Système solaire 7'),
	(18, 2, 'Système solaire 8'),
	(19, 2, 'Système solaire 9'),
	(20, 2, 'Système solaire 10'),
	(21, 3, 'Système solaire 1'),
	(22, 3, 'Système solaire 2'),
	(23, 3, 'Système solaire 3'),
	(24, 3, 'Système solaire 4'),
	(25, 3, 'Système solaire 5'),
	(26, 3, 'Système solaire 6'),
	(27, 3, 'Système solaire 7'),
	(28, 3, 'Système solaire 8'),
	(29, 3, 'Système solaire 9'),
	(30, 3, 'Système solaire 10'),
	(31, 4, 'Système solaire 1'),
	(32, 4, 'Système solaire 2'),
	(33, 4, 'Système solaire 3'),
	(34, 4, 'Système solaire 4'),
	(35, 4, 'Système solaire 5'),
	(36, 4, 'Système solaire 6'),
	(37, 4, 'Système solaire 7'),
	(38, 4, 'Système solaire 8'),
	(39, 4, 'Système solaire 9'),
	(40, 4, 'Système solaire 10'),
	(41, 5, 'Système solaire 1'),
	(42, 5, 'Système solaire 2'),
	(43, 5, 'Système solaire 3'),
	(44, 5, 'Système solaire 4'),
	(45, 5, 'Système solaire 5'),
	(46, 5, 'Système solaire 6'),
	(47, 5, 'Système solaire 7'),
	(48, 5, 'Système solaire 8'),
	(49, 5, 'Système solaire 9'),
	(50, 5, 'Système solaire 10'),
	(51, 6, 'Système solaire 1'),
	(52, 6, 'Système solaire 2'),
	(53, 6, 'Système solaire 3'),
	(54, 6, 'Système solaire 4'),
	(55, 6, 'Système solaire 5'),
	(56, 6, 'Système solaire 6'),
	(57, 6, 'Système solaire 7'),
	(58, 6, 'Système solaire 8'),
	(59, 6, 'Système solaire 9'),
	(60, 6, 'Système solaire 10'),
	(61, 7, 'Système solaire 1'),
	(62, 7, 'Système solaire 2'),
	(63, 7, 'Système solaire 3'),
	(64, 7, 'Système solaire 4'),
	(65, 7, 'Système solaire 5'),
	(66, 7, 'Système solaire 6'),
	(67, 7, 'Système solaire 7'),
	(68, 7, 'Système solaire 8'),
	(69, 7, 'Système solaire 9'),
	(70, 7, 'Système solaire 10'),
	(71, 8, 'Système solaire 1'),
	(72, 8, 'Système solaire 2'),
	(73, 8, 'Système solaire 3'),
	(74, 8, 'Système solaire 4'),
	(75, 8, 'Système solaire 5'),
	(76, 8, 'Système solaire 6'),
	(77, 8, 'Système solaire 7'),
	(78, 8, 'Système solaire 8'),
	(79, 8, 'Système solaire 9'),
	(80, 8, 'Système solaire 10'),
	(81, 9, 'Système solaire 1'),
	(82, 9, 'Système solaire 2'),
	(83, 9, 'Système solaire 3'),
	(84, 9, 'Système solaire 4'),
	(85, 9, 'Système solaire 5'),
	(86, 9, 'Système solaire 6'),
	(87, 9, 'Système solaire 7'),
	(88, 9, 'Système solaire 8'),
	(89, 9, 'Système solaire 9'),
	(90, 9, 'Système solaire 10'),
	(91, 10, 'Système solaire 1'),
	(92, 10, 'Système solaire 2'),
	(93, 10, 'Système solaire 3'),
	(94, 10, 'Système solaire 4'),
	(95, 10, 'Système solaire 5'),
	(96, 10, 'Système solaire 6'),
	(97, 10, 'Système solaire 7'),
	(98, 10, 'Système solaire 8'),
	(99, 10, 'Système solaire 9'),
	(100, 10, 'Système solaire 10');
/*!40000 ALTER TABLE `systemsolaire` ENABLE KEYS */;

-- Listage de la structure de la table esirem_galactique. technologie
CREATE TABLE IF NOT EXISTS `technologie` (
  `id` int(11) NOT NULL AUTO_INCREMENT,
  `idTechnologieMere1` int(11) DEFAULT NULL,
  `niveauTechnologieMere1` int(11) DEFAULT NULL,
  `idTechnologieMere2` int(11) DEFAULT NULL,
  `niveauTechnologieMere2` int(11) DEFAULT NULL,
  `nom` varchar(50) NOT NULL,
  `coutDeuterium` int(11) DEFAULT NULL,
  `coutMetal` int(11) DEFAULT NULL,
  `coutTemps` int(11) NOT NULL,
  PRIMARY KEY (`id`),
  KEY `FK_Technologie_Technologie` (`idTechnologieMere1`) USING BTREE,
  CONSTRAINT `FK_Technologie_Technologie` FOREIGN KEY (`idTechnologieMere1`) REFERENCES `technologie` (`id`) ON DELETE NO ACTION ON UPDATE NO ACTION
) ENGINE=InnoDB DEFAULT CHARSET=latin1 COLLATE=latin1_swedish_ci;

-- Listage des données de la table esirem_galactique.technologie : ~6 rows (environ)
/*!40000 ALTER TABLE `technologie` DISABLE KEYS */;
INSERT IGNORE INTO `technologie` (`id`, `idTechnologieMere1`, `niveauTechnologieMere1`, `idTechnologieMere2`, `niveauTechnologieMere2`, `nom`, `coutDeuterium`, `coutMetal`, `coutTemps`) VALUES
	(1, NULL, NULL, NULL, NULL, 'energie', 100, NULL, 4),
	(2, NULL, NULL, NULL, NULL, 'intelligence_artificielle', 200, NULL, 10),
	(3, 1, 5, NULL, NULL, 'laser', 300, NULL, 2),
	(4, 3, 5, NULL, NULL, 'ions', 300, NULL, 8),
	(5, 1, 8, 4, 2, 'bouclier', 1000, NULL, 5),
	(6, NULL, NULL, NULL, NULL, 'armement', 200, 500, 6);
/*!40000 ALTER TABLE `technologie` ENABLE KEYS */;

-- Listage de la structure de la table esirem_galactique. univers
CREATE TABLE IF NOT EXISTS `univers` (
  `id` int(11) NOT NULL AUTO_INCREMENT,
  `nom` varchar(50) NOT NULL,
  PRIMARY KEY (`id`)
) ENGINE=InnoDB DEFAULT CHARSET=latin1 COLLATE=latin1_swedish_ci;

-- Listage des données de la table esirem_galactique.univers : ~2 rows (environ)
/*!40000 ALTER TABLE `univers` DISABLE KEYS */;
INSERT IGNORE INTO `univers` (`id`, `nom`) VALUES
	(1, 'Univers 1'),
	(2, 'Univers 2');
/*!40000 ALTER TABLE `univers` ENABLE KEYS */;

-- Listage de la structure de la table esirem_galactique. utilisateurs
CREATE TABLE IF NOT EXISTS `utilisateurs` (
  `id` int(11) NOT NULL AUTO_INCREMENT,
  `email` text NOT NULL,
  `password` text NOT NULL,
  PRIMARY KEY (`id`)
) ENGINE=InnoDB DEFAULT CHARSET=latin1 COLLATE=latin1_swedish_ci;

-- Listage des données de la table esirem_galactique.utilisateurs : ~2 rows (environ)
/*!40000 ALTER TABLE `utilisateurs` DISABLE KEYS */;
INSERT IGNORE INTO `utilisateurs` (`id`, `email`, `password`) VALUES
	(1, 'diabolodu30@gmail.com', '$2y$10$rnnIhnzT02pZtJZO4mkhWOCzgVa9We1e10bcs1x3vgL7nXkQ2DpXu'),
	(2, 'toto@gmail.com', '$2y$10$uW09jyjQ3cG2z/9IPbySMuhaPS0MAqnEpLpAnGa3WY.GtaKG96tF2');
/*!40000 ALTER TABLE `utilisateurs` ENABLE KEYS */;

/*!40101 SET SQL_MODE=IFNULL(@OLD_SQL_MODE, '') */;
/*!40014 SET FOREIGN_KEY_CHECKS=IFNULL(@OLD_FOREIGN_KEY_CHECKS, 1) */;
/*!40101 SET CHARACTER_SET_CLIENT=@OLD_CHARACTER_SET_CLIENT */;
/*!40111 SET SQL_NOTES=IFNULL(@OLD_SQL_NOTES, 1) */;
